Title,Description,Location
Weekend Tips,"© dpa May 22 to 24, 2026: Events, festivals, exhibitions and more things to do for your perfect weekend in Berlin. 
               more",Berlin
Events Today,"© dpa Find the best events in Berlin today: Musicals, concerts, shows, theatre performances, comedy, dance, literature and more. 
               more",Berlin
Events Tomorrow,"© dpa What's going on in Berlin tomorrow? Find the best upcoming events from selected categories. 
               more",Berlin
Events in May 2026,"© dpa The Berlin event preview for May: May Day, Theatertreffen, Design Week, Museum Day and much 
               more",Berlin
Events in June 2026,"© Jim Kroft Fête de la Musique, Long Night of the Sciences, 48 Hours Neukölln and more events in Berlin in June. 
               more",Berlin
Events in July 2026,"© dpa Botanical Night, Christopher Street Day Parade, Lesbian and Gay City Festival and more events in Berlin in July. 
               more",Berlin
Spring in Berlin,"© visitBerlin/Dagmar Schwelle Flea markets, spring festivals, beer gardens, open-air events and more: the best tips for beautiful spring days in Berlin. 
               more",Berlin
Film Festivals,"© dpa From the internationally renowned Berlinale to smaller festivals revolving around a particular genre or country, Berlin's film festivals offer many highlights for cineastes and movie lovers. 
               more",Berlin
Interactive Exhibitions,"© Andy Juchli Combining culture and entertainment: Experiential and interactive exhibitions in Berlin offer art and cultural history to see, hear, touch and try out. 
               more",Berlin
Food Events,"© visitBerlin/Dagmar Schwelle Gourmets, foodies, producers, chefs and traders come together at Berlin's food festivals to sample local and international delicacies. 
               more",Berlin
Art in Berlin,"© dpa See the best museum, art and photography exhibitions at Berlin's top museums, galleries and event venues. 
               more",Berlin
More Seasonal Events & Specials,"© dpa Tips for public holidays, seasonal events, folk festivals, sports and more special events in Berlin. 
               more",Berlin
Top Concerts 2026,"© dpa The Berlin concert calendar is packed again in 2026. 
               more",Berlin
Concert Highlights,"© dpa Dates, information and advance ticket sales for the hottest concerts in Berlin and the best musical artists of the moment. 
               more",Berlin
Shows,"© dpa On the big and small stages of Berlin countless shows take place: there is something for everyone. Information and tickets for selected shows in Berlin. 
               more",Berlin
